{
  "full_local_per_cluster": [
    1,
    141
  ],
  "full_local_total": 142,
  "full_local_min": 1,
  "full_local_entropy": 0.041917588984319,
  "cross_rhs_missing": 22,
  "sizes": [
    3,
    5
  ],
  "score": 1404.0838351779687
}